[{"Html":"html blablal","Css":"css balksdasld","Javascript":"Javascript asjdasjkd","Other":" other askodaskldred","asd":"asd","moin":"sadasdasdasdasd"},{"Promises":"promises askdmasmkdl","async":"async ahjsdajnkasdsagmhgmhmgfjgmf","fetch":"Lorem ipsum dolor sit amet, consetetur sadipscing elitr, sed diam nonumy eirmod tempor invidunt ut labore et dolore magna aliquyam erat, sed diam voluptua. At vero eos et accusam et justo duo dolores et ea rebum. Stet clita kasd gubergren, no sea takimata sanctus est Lorem ipsum dolor sit amet.","callback":"callback aksdjiaskld "},{"Sitemap":"sitemap asdjkmasd","Home":"home akosdkl","News":"news aksmldasmkld","Contact":"contact asdmkasdmkl","About":"about 123asdmkasdmkl"}]